mysql> select* from customers;//
+----------------+------------------------------+-----------------+------------------+-------------------+------------------------------+---------------+----------+------------+-----------+-------------+
| customerNumber | customerName                 | contactLastName | contactFirstName | phone             | addressLine1                 | city          | state    | postalCode | country   | creditLimit |
+----------------+------------------------------+-----------------+------------------+-------------------+------------------------------+---------------+----------+------------+-----------+-------------+
|            103 | Atelier graphique            | Schmitt         | Carine           | 40.32.2555        | 54, rue Royale               | Nantes        | NULL     | 44000      | France    |    21000.00 |
|            112 | Signal Gift Stores           | King            | Jean             | 7025551838        | 8489 Strong St.              | Las Vegas     | NV       | 83030      | USA       |    71800.00 |
|            114 | Australian Collectors, Co.   | Ferguson        | Peter            | 03 9520 4555      | 636 St Kilda Road            | Melbourne     | Victoria | 3004       | Australia |   117300.00 |
|            119 | La Rochelle Gifts            | Labrune         | Janine           | 40.67.8555        | 67, rue des Cinquante Otages | Nantes        | NULL     | 44000      | France    |   118200.00 |
|            121 | Baane Mini Imports           | Bergulfsen      | Jonas            | 07-98 9555        | Erling Skakkes gate 78       | Stavern       | NULL     | 4110       | Norway    |    81700.00 |
|            124 | Mini Gifts Distributors Ltd. | Nelson          | Susan            | 4155551450        | 5677 Strong St.              | San Rafael    | CA       | 97562      | USA       |   210500.00 |
|            125 | Havel & Zbyszek Co           | Piestrzeniewicz | Zbyszek          | (26) 642-7555     | ul. Filtrowa 68              | Warszawa      | NULL     | 01-012     | Poland    |        0.00 |
|            128 | Blauer See Auto, Co.         | Keitel          | Roland           | +49 69 66 90 2555 | Lyonerstr. 34                | Frankfurt     | NULL     | 60528      | Germany   |    59700.00 |
|            129 | Mini Wheels Co.              | Murphy          | Julie            | 6505555787        | 5557 North Pendale Street    | San Francisco | CA       | 94217      | USA       |    64600.00 |
|            131 | Land of Toys Inc.            | Lee             | Kwai             | 2125557818        | 897 Long Airport Avenue      | NYC           | NY       | 10022      | USA       |   114900.00 |
|            141 | Euro+ Shopping Channel       | Freyre          | Diego            | (91) 555 94 44    | C/ Moralzarzal, 86           | Madrid        | NULL     | 28034      | Spain     |   227600.00 |
|            144 | Volvo Model Replicas, Co     | Berglund        | Christina        | 0921-12 3555      | Berguvsvägen  8              | Luleå         | NULL     | S-958 22   | Sweden    |    53100.00 |
|            145 | Danish Wholesale Imports     | Petersen        | Jytte            | 31 12 3555        | Vinbæltet 34                 | Kobenhavn     | NULL     | 1734       | Denmark   |    83400.00 |
|            146 | Saveley & Henriot, Co.       | Saveley         | Mary             | 78.32.5555        | 2, rue du Commerce           | Lyon          | NULL     | 69004      | France    |   123900.00 |
+----------------+------------------------------+-----------------+------------------+-------------------+------------------------------+---------------+----------+------------+-----------+-------------+
14 rows in set (0.01 sec)

mysql> delimiter //
mysql> create function customerrank( credit decimal(10,2) )
    ->     returns varchar(20)
    ->     DETERMINISTIC
    ->     begin
    ->     declare customerrank varchar(20);
    ->     if credit>50000 then
    ->     set customerrank='platinum';
    ->     elseif (credit>=50000 and credit <=10000) then
    ->     set customerrank='gold';
    ->     elseif credit<10000 then
    ->     set customerrank='silver';
    ->     end if;
    ->     return (customerrank);
    ->     end //
Query OK, 0 rows affected (0.28 sec)

mysql> select customerName,customerrank(creditLimit) from customers;
    -> //
+------------------------------+---------------------------+
| customerName                 | customerrank(creditLimit) |
+------------------------------+---------------------------+
| Atelier graphique            | NULL                      |
| Signal Gift Stores           | platinum                  |
| Australian Collectors, Co.   | platinum                  |
| La Rochelle Gifts            | platinum                  |
| Baane Mini Imports           | platinum                  |
| Mini Gifts Distributors Ltd. | platinum                  |
| Havel & Zbyszek Co           | silver                    |
| Blauer See Auto, Co.         | platinum                  |
| Mini Wheels Co.              | platinum                  |
| Land of Toys Inc.            | platinum                  |
| Euro+ Shopping Channel       | platinum                  |
| Volvo Model Replicas, Co     | platinum                  |
| Danish Wholesale Imports     | platinum                  |
| Saveley & Henriot, Co.       | platinum                  |
+------------------------------+---------------------------+
14 rows in set (0.01 sec)

mysql> 


mysql> select * from student;
+----+-------------+-------+------+--------+
| id | name        | class | mark | gender |
+----+-------------+-------+------+--------+
|  1 | John Deo    | Four  |   75 | female |
|  2 | Max Ruin    | Three |   85 | male   |
|  3 | Arnold      | Three |   55 | male   |
|  4 | Krish Star  | Four  |   60 | female |
|  5 | John Mike   | Four  |   60 | female |
|  6 | Alex John   | Four  |   55 | male   |
|  7 | My John Rob | Five  |   78 | male   |
|  8 | Asruid      | Five  |   85 | male   |
|  9 | Tes Qry     | Six   |   78 | male   |
| 10 | Big John    | Four  |   55 | female |
+----+-------------+-------+------+--------+
10 rows in set (0.01 sec)

mysql>  delimiter //   
mysql>  create function grade( mark int ) 
    ->      returns varchar(20) 
    ->      deterministic 
    ->      begin 
    ->      declare grade varchar(20); 
    ->      if mark>=75 then set grade='Distinction'; 
    ->      elseif (mark<75 and mark<=60) then set grade='First Class'; 
    ->      elseif mark<60 then set grade='Second Class'; 
    ->      end if; 
    ->      return (grade); 
    ->      end//
Query OK, 0 rows affected (0.21 sec)

mysql> delimiter ;
mysql> select name, class,grade(mark) from student;
+-------------+-------+--------------+
| name        | class | grade(mark)  |
+-------------+-------+--------------+
| John Deo    | Four  | Distinction  |
| Max Ruin    | Three | Distinction  |
| Arnold      | Three | Second Class |
| Krish Star  | Four  | NULL         |
| John Mike   | Four  | NULL         |
| Alex John   | Four  | Second Class |
| My John Rob | Five  | Distinction  |
| Asruid      | Five  | Distinction  |
| Tes Qry     | Six   | Distinction  |
| Big John    | Four  | Second Class |
+-------------+-------+--------------+
10 rows in set (0.00 sec)




